,0
0,miawatanabe_yoga
1,sanfrancisco_now
2,gymhooky
3,oladyhemp
4,e_barr3
5,jsugarplum
6,iamkallisti_moar
7,_letsstaytogether_
8,thelibraleo
9,tendancewear
10,mikebuddypro
11,thebirdsf
12,ka.ander.photo
13,box_populi
14,ancientinmodern
15,ojkdigital
16,californiapuc
17,zsnugz
18,hei_n_drey
19,wizbots
20,onceuponatownsf
21,saxtigerlife
22,geraldaganza
23,visittrivalley
24,highlygroovy
25,intrinsic_lifestyle
26,diversability
27,gusiffer
28,lindseytatumphotography
29,dangallophotography
30,gussmarket
31,parentsplaceorg
32,tkt_clothing
33,cityofsanmateoca
34,devilmountainphotography
35,marisaruthphotography
36,turgidmale
37,evalarsel
38,mtcbata
39,divinedayna
40,paperspaced
41,mermetguitars
42,sophie_y0rk
43,baladocustom
44,hoorayparties
45,crackedsandwich
46,vegan_with_a_side_of_bacon
47,norcalcockerescue1
48,pigeondiplomacy
49,holistickiva
50,btoopositive
51,konnekted
52,christinajosiefilms
53,saffer_photo
54,shoptowncenter
55,dusk_runner
56,mylennarlemon
57,anastasia.adventures
58,detailership
59,punkmunky23
60,capitol650
61,giraffe_on_film
62,cakemylifeblue
63,zee_travelography
64,alexanderylam
65,leothegolden724
66,sculptafacesfbay
67,millvalleyinn
68,cvtompkins
69,vrv3studios
70,alicestable.valli
71,themechanicpros
72,therapy2thrive
73,invisionhometheater
74,teaquation
75,miawatanabe_yoga
76,sanfrancisco_now
77,gymhooky
78,oladyhemp
79,e_barr3
80,jsugarplum
81,iamkallisti_moar
82,_letsstaytogether_
83,thelibraleo
84,tendancewear
85,mikebuddypro
86,thebirdsf
87,ka.ander.photo
88,box_populi
89,ancientinmodern
90,ojkdigital
91,californiapuc
92,zsnugz
93,hei_n_drey
94,wizbots
95,onceuponatownsf
96,saxtigerlife
97,geraldaganza
98,visittrivalley
99,highlygroovy
100,intrinsic_lifestyle
101,diversability
102,gusiffer
103,lindseytatumphotography
104,dangallophotography
105,gussmarket
106,parentsplaceorg
107,tkt_clothing
108,cityofsanmateoca
109,devilmountainphotography
110,marisaruthphotography
111,turgidmale
112,evalarsel
113,mtcbata
114,divinedayna
115,paperspaced
116,mermetguitars
117,sophie_y0rk
118,baladocustom
119,hoorayparties
120,crackedsandwich
121,vegan_with_a_side_of_bacon
122,norcalcockerescue1
123,pigeondiplomacy
124,holistickiva
125,btoopositive
126,konnekted
127,christinajosiefilms
128,saffer_photo
129,shoptowncenter
130,dusk_runner
131,mylennarlemon
132,anastasia.adventures
133,detailership
134,punkmunky23
135,capitol650
136,giraffe_on_film
137,cakemylifeblue
138,zee_travelography
139,alexanderylam
140,leothegolden724
141,sculptafacesfbay
142,millvalleyinn
143,cvtompkins
144,vrv3studios
145,alicestable.valli
146,themechanicpros
147,therapy2thrive
148,invisionhometheater
149,teaquation
150,djlando1
151,msnancytong
152,neyxmissmak
153,djkimmy_
154,saltedmusicofficial
155,creatvemike
156,schapmock
157,coricooki
158,dwoiragalilea
159,realhousewifeofsanfrancisco
160,edwardmiskie
161,uia_presents
162,youhavebeenbaritoned
163,belle_of_the_bay
164,shangrilasf
165,faiz_arman011
166,fishnetfollies
167,mynxdmeanor
168,laplumenoir
169,hawthorn_sf
170,ashontakash
171,theholycow
172,touchfriday
173,made_sf
174,social_sf
175,leomadness22
176,randyguila
177,_mayvay_
178,bossysfent
179,joaovictortourinho
180,skylarkbarsf
181,jamieswing
182,partywithkali
183,teaseblossom
184,therealmikeymack
185,glitterazzisf
186,midnightsunsf
187,monarchsf
188,dancewithhaha
189,jimmyhits
190,innerfogsf
191,the_ritespot
192,csd5678
193,anitachu
194,shaunaeteske
195,janeluriephotography
196,jazmine.vieira
197,francesco_covucci
198,jaderoselee
199,thehousecatsmusic
200,designexchange79
201,lashedbymelaniek
202,__thedoghouse__
203,erikakrausephoto
204,orchardnursery
205,kincaids_burlingame
206,judytheexplorer
207,thefallscafe
208,sithappens.dog
209,sonsoflibertyalehouse
210,sarah_kate_beauty
211,the_lazy_k_house
212,urbanbungalow
213,ohhoren
214,thelittlelambgastropub
215,goodeggs
216,whiteowlmarket
217,riversbendgb
218,tampatestosterone
219,bombaypizzahouse
220,allure_tan
221,beachlife_fitness
222,currypizzahouse
223,safetyharborfl
224,zoemilanstudios
225,beachhousewaxing
226,hairxhelen
227,alicessmokehouse
228,luminancevision
229,dntwrry_b_h1ppy44
230,zimzarifl
231,miawatanabe_yoga
232,sanfrancisco_now
233,gymhooky
234,oladyhemp
235,e_barr3
236,jsugarplum
237,iamkallisti_moar
238,_letsstaytogether_
239,thelibraleo
240,tendancewear
241,mikebuddypro
242,thebirdsf
243,ka.ander.photo
244,box_populi
245,ancientinmodern
246,ojkdigital
247,californiapuc
248,zsnugz
249,hei_n_drey
250,wizbots
251,onceuponatownsf
252,saxtigerlife
253,geraldaganza
254,visittrivalley
255,highlygroovy
256,intrinsic_lifestyle
257,diversability
258,gusiffer
259,lindseytatumphotography
260,dangallophotography
261,gussmarket
262,parentsplaceorg
263,tkt_clothing
264,cityofsanmateoca
265,devilmountainphotography
266,marisaruthphotography
267,turgidmale
268,evalarsel
269,mtcbata
270,divinedayna
271,paperspaced
272,mermetguitars
273,sophie_y0rk
274,baladocustom
275,hoorayparties
276,crackedsandwich
277,vegan_with_a_side_of_bacon
278,norcalcockerescue1
279,pigeondiplomacy
280,holistickiva
281,btoopositive
282,konnekted
283,christinajosiefilms
284,saffer_photo
285,shoptowncenter
286,dusk_runner
287,mylennarlemon
288,anastasia.adventures
289,detailership
290,punkmunky23
291,capitol650
292,giraffe_on_film
293,cakemylifeblue
294,zee_travelography
295,alexanderylam
296,leothegolden724
297,sculptafacesfbay
298,millvalleyinn
299,cvtompkins
300,vrv3studios
301,alicestable.valli
302,themechanicpros
303,therapy2thrive
304,invisionhometheater
305,teaquation
306,nomtasticbayarea
307,nomtasticfoods
308,hungrygems
309,fhoodbook
310,blonde_voyage_nashville
311,modern.mopar.movement
312,itssjocelynn
313,streetfuel.co
314,steerfresh
315,fishers5.7
316,elevatederie
317,kuhteeuh_music
318,w84meee
319,best_of_sanfrancisco
320,barbaradaure
321,thetwoalchemists
322,isabellaaa.garcia
323,californiadreaming.official
324,placesincolours
325,us_loverss
326,biancaroxannee
327,by_istemihanbey
328,family_maffin
329,osmar_g_maya
330,antigen_co
331,elamorengorda
332,treshizzard
333,jaeg1982
334,drewjitsu10p
335,mhuaranga
336,adevrient
337,evsanfrancisco
338,viflow_yuhyun
339,supermangoconchile
340,csf_official
341,cacompletecount
342,marruecos_historia
343,mr.nn.inst
344,aerisiot
345,masteroffineart
346,thehairshopinc
347,bett_yu
348,marinafomin1
349,ninerstogether
350,100sweet.homemade
351,sffilmfinals
352,realaveryschlueter
353,511sfbay
354,the.rumour.mill
355,nanonano64
356,todoimportadozulia
357,sweetnjuicymusic
358,lv8musicliaison
359,panchosaula
